<html>
 <head> 
  <meta content="gdi" http-equiv="X-UA-TextLayoutMetrics"> 
  <meta content="text/html; charset=euc-kr" http-equiv="Content-Type"> 
  <STYLE>
.xforms * { font-family: 돋움체;}
.xforms_title * { font-size: 13pt; padding : 0 0 10 0;}

.xforms table {
    font-size: 10px;
    padding:0px;
    border-collapse:collapse;
    color: #3D3D3D;
}
.xforms td {
    padding-left:0px;
    padding-top:0px;
    border-collapse:collapse;
    line-height:22px;
    color: #3D3D3D;
    /*text-align:right;*/
    vertical-align:middle;
    border: 1px solid #7f7f7f;
}

.xforms span {
    /*display: inline-block;*/
    padding-left:3px;
    padding-right: 1px;
    line-height:22px;
    padding-top:0px;
    padding-bottom:0px;
    text-align:left;
    vertical-align:middle;
    border: 0px solid #DBDBDB;
}

.xforms.img{
    border : 0px;
}

.xforms a:link {

    color: #194866;
    text-decoration: none;
}
.xforms a:active {

    color: #194866;
    text-decoration: none;
}
.xforms a:visited {
    color: #194866;
    text-decoration: none;
}

.xforms A:hover {
    color:008BE3;
    text-decoration: none;
}

.xforms_input{
    border: 0px solid #DBDBDB;
    padding-left:3px;
    padding-right: 1px;
    height:22px;
    padding-top:0px;
    padding-bottom:0px;
    text-align:left;
}
</STYLE> 
  <title>현대오토에버/감사보고서 제출/(2024.03.15)감사보고서 제출</title> 
 </head> 
 <body> 
  <div class="xforms"> 
   <div> 
    <span class="noprint" style="display:none;width:600px;font-size:10pt;"> </span> 
    <div class="xforms_title"> 
     <div> 
      <span style="width:598px;font-weight:bold;text-align:center;">감사보고서 제출</span> 
     </div> 
    </div> 
    <span class="noprint" style="display:none;width:600px;font-size:10pt;"> </span> 
    <div id="LIB_L9038" style="width:600px;font-size:10pt;;padding:0 0 20 0"> 
     <div> 
      <div> 
       <span style="width:592px;font-size:11pt;font-weight:bold;">[지배회사 또는 지주회사의 연결재무제표 관련 감사의견 및 재무내용]</span> 
       <table border="1" bordercolordark="white" bordercolorlight="#666666" cellpadding="1" cellspacing="0" id="XFormG1_Form0_Table0" style="margin:0px 0px 20px 0px;width:580px;font-size:10pt;border:1px solid #7f7f7f;"> 
        <tbody> 
         <tr> 
          <td width="238"> <span style="width:238px;font-size:10pt;text-align:center;">구분</span> </td> 
          <td width="175"> <span style="width:175px;font-size:10pt;text-align:center;">당해 사업연도</span> </td> 
          <td width="167"> <span style="width:167px;font-size:10pt;text-align:center;">직전 사업연도</span> </td> 
         </tr> 
         <tr> 
          <td colspan="3" width="580"> <span style="width:580px;font-size:10pt;">1. 감사의견 등</span> </td> 
         </tr> 
         <tr> 
          <td width="238"> <span style="width:238px;font-size:10pt;">가. 감사의견</span> </td> 
          <td width="175"> <span class="xforms_input" style="width:175px;font-size:10pt;">적정</span> </td> 
          <td width="167"> <span class="xforms_input" style="width:167px;font-size:10pt;">적정</span> </td> 
         </tr> 
         <tr> 
          <td width="238"> <span style="width:238px;font-size:10pt;">- 계속기업 존속불확실성 사유 해당여부</span> </td> 
          <td width="175"> <span class="xforms_input" style="width:175px;font-size:10pt;">미해당</span> </td> 
          <td width="167"> <span class="xforms_input" style="width:167px;font-size:10pt;">미해당</span> </td> 
         </tr> 
         <tr> 
          <td width="238"> <span style="width:238px;font-size:10pt;">나. 감사의견과 관련 없는 계속기업 존속 불확실성 기재여부</span> </td> 
          <td width="175"> <span class="xforms_input" style="width:175px;font-size:10pt;">미기재</span> </td> 
          <td width="167"> <span class="xforms_input" style="width:167px;font-size:10pt;">미기재</span> </td> 
         </tr> 
         <tr> 
          <td width="238"> <span style="width:238px;font-size:10pt;">다. 내부회계관리제도 감사(검토)의견 비적정 등 여부</span> </td> 
          <td width="175"> <span class="xforms_input" style="width:175px;font-size:10pt;">미해당</span> </td> 
          <td width="167"> <span class="xforms_input" style="width:167px;font-size:10pt;">미해당</span> </td> 
         </tr> 
         <tr> 
          <td colspan="3" width="580"> <span style="width:580px;font-size:10pt;">2. 연결 재무내용(원)</span> </td> 
         </tr> 
         <tr> 
          <td width="238"> <span style="width:238px;font-size:10pt;">- 자산총계</span> </td> 
          <td width="175"> <span class="xforms_input" style="width:175px;font-size:10pt;text-align:right;">2,843,057,165,000</span> </td> 
          <td width="167"> <span class="xforms_input" style="width:167px;font-size:10pt;text-align:right;">2,619,436,327,000</span> </td> 
         </tr> 
         <tr> 
          <td width="238"> <span style="width:238px;font-size:10pt;">- 부채총계</span> </td> 
          <td width="175"> <span class="xforms_input" style="width:175px;font-size:10pt;text-align:right;">1,250,744,682,000</span> </td> 
          <td width="167"> <span class="xforms_input" style="width:167px;font-size:10pt;text-align:right;">1,129,055,501,000</span> </td> 
         </tr> 
         <tr> 
          <td width="238"> <span style="width:238px;font-size:10pt;">- 자본총계</span> </td> 
          <td width="175"> <span class="xforms_input" style="width:175px;font-size:10pt;text-align:right;">1,592,312,483,000</span> </td> 
          <td width="167"> <span class="xforms_input" style="width:167px;font-size:10pt;text-align:right;">1,490,380,826,000</span> </td> 
         </tr> 
         <tr> 
          <td width="238"> <span style="width:238px;font-size:10pt;">- 비지배지분 제외 자본총계</span> </td> 
          <td width="175"> <span class="xforms_input" style="width:175px;font-size:10pt;text-align:right;">1,579,928,602,000</span> </td> 
          <td width="167"> <span class="xforms_input" style="width:167px;font-size:10pt;text-align:right;">1,478,769,866,000</span> </td> 
         </tr> 
         <tr> 
          <td width="238"> <span style="width:238px;font-size:10pt;">- 자본금</span> </td> 
          <td width="175"> <span class="xforms_input" style="width:175px;font-size:10pt;text-align:right;">13,711,991,000</span> </td> 
          <td width="167"> <span class="xforms_input" style="width:167px;font-size:10pt;text-align:right;">13,711,991,000</span> </td> 
         </tr> 
         <tr> 
          <td width="238"> <span style="width:238px;font-size:10pt;">※ 자본총계˚/자본금 비율(%) (˚ 비지배지분은 제외)</span> </td> 
          <td width="175"> <span class="xforms_input" style="width:175px;font-size:10pt;text-align:right;">11,522.2</span> </td> 
          <td width="167"> <span class="xforms_input" style="width:167px;font-size:10pt;text-align:right;">10,784.5</span> </td> 
         </tr> 
         <tr> 
          <td colspan="3" width="580"> <span style="width:580px;font-size:10pt;">3. 연결 손익내용(원)</span> </td> 
         </tr> 
         <tr> 
          <td width="238"> <span style="width:238px;font-size:10pt;">- 매출액</span> </td> 
          <td width="175"> <span class="xforms_input" style="width:175px;font-size:10pt;text-align:right;">3,065,015,134,000</span> </td> 
          <td width="167"> <span class="xforms_input" style="width:167px;font-size:10pt;text-align:right;">2,754,508,003,000</span> </td> 
         </tr> 
         <tr> 
          <td width="238"> <span style="width:238px;font-size:10pt;">- 영업이익</span> </td> 
          <td width="175"> <span class="xforms_input" style="width:175px;font-size:10pt;text-align:right;">181,413,573,000</span> </td> 
          <td width="167"> <span class="xforms_input" style="width:167px;font-size:10pt;text-align:right;">142,362,194,000</span> </td> 
         </tr> 
         <tr> 
          <td width="238"> <span style="width:238px;font-size:10pt;">- 법인세비용차감전계속사업이익</span> </td> 
          <td width="175"> <span class="xforms_input" style="width:175px;font-size:10pt;text-align:right;">181,736,807,000</span> </td> 
          <td width="167"> <span class="xforms_input" style="width:167px;font-size:10pt;text-align:right;">154,786,545,000</span> </td> 
         </tr> 
         <tr> 
          <td width="238"> <span style="width:238px;font-size:10pt;">- 당기순이익</span> </td> 
          <td width="175"> <span class="xforms_input" style="width:175px;font-size:10pt;text-align:right;">140,312,627,000</span> </td> 
          <td width="167"> <span class="xforms_input" style="width:167px;font-size:10pt;text-align:right;">116,170,013,000</span> </td> 
         </tr> 
         <tr> 
          <td width="238"> <span style="width:238px;font-size:10pt;">- 지배기업 소유주지분 순이익</span> </td> 
          <td width="175"> <span class="xforms_input" style="width:175px;font-size:10pt;text-align:right;">137,764,302,000</span> </td> 
          <td width="167"> <span class="xforms_input" style="width:167px;font-size:10pt;text-align:right;">113,918,532,000</span> </td> 
         </tr> 
         <tr> 
          <td width="238"> <span style="width:238px;font-size:10pt;">4. 연결대상 종속회사 수</span> </td> 
          <td width="175"> <span class="xforms_input" style="width:175px;font-size:10pt;text-align:right;">9</span> </td> 
          <td width="167"> <span class="xforms_input" style="width:167px;font-size:10pt;text-align:right;">9</span> </td> 
         </tr> 
         <tr> 
          <td width="238"> <span style="width:238px;font-size:10pt;">5. 주요종속회사수</span> </td> 
          <td width="175"> <span class="xforms_input" style="width:175px;font-size:10pt;text-align:right;">2</span> </td> 
          <td width="167"> <span class="xforms_input" style="width:167px;font-size:10pt;text-align:right;">2</span> </td> 
         </tr> 
         <tr> 
          <td width="238"> <span style="width:238px;font-size:10pt;">6. 연결 감사보고서상 횡령ㆍ배임사항 기재여부</span> </td> 
          <td colspan="2" width="342"> <span class="xforms_input" style="width:342px;font-size:10pt;">아니오</span> </td> 
         </tr> 
        </tbody> 
       </table> 
      </div> 
     </div> 
    </div> 
    <span style="width:600px;font-size:11pt;font-weight:bold;">[개별/별도재무제표 관련 감사의견 및 재무내용]</span> 
    <table border="1" bordercolordark="white" bordercolorlight="#666666" cellpadding="1" cellspacing="0" id="XFormD1_Form0_Table1" style="margin:0px 0px 20px 0px;width:600px;font-size:10pt;border:1px solid #7f7f7f;"> 
     <tbody> 
      <tr> 
       <td colspan="2" width="250"> <span style="width:250px;font-size:10pt;">1. 감사의견 및 재무내용</span> </td> 
       <td width="171"> <span style="width:171px;font-size:10pt;text-align:center;">당해사업연도</span> </td> 
       <td width="179"> <span style="width:179px;font-size:10pt;text-align:center;">직전사업연도</span> </td> 
      </tr> 
      <tr> 
       <td rowspan="2" width="154"> <span style="width:154px;font-size:10pt;">가. 결산기간</span> </td> 
       <td width="96"> <span style="width:96px;font-size:10pt;text-align:center;">시작일</span> </td> 
       <td width="171"> <span class="xforms_input" style="width:171px;font-size:10pt;">2023-01-01</span> </td> 
       <td width="179"> <span class="xforms_input" style="width:179px;font-size:10pt;">2022-01-01</span> </td> 
      </tr> 
      <tr> 
       <td width="96"> <span style="width:96px;font-size:10pt;text-align:center;">종료일</span> </td> 
       <td width="171"> <span class="xforms_input" style="width:171px;font-size:10pt;">2023-12-31</span> </td> 
       <td width="179"> <span class="xforms_input" style="width:179px;font-size:10pt;">2022-12-31</span> </td> 
      </tr> 
      <tr> 
       <td colspan="4" width="600"> <span style="width:600px;font-size:10pt;">나. 감사의견 등</span> </td> 
      </tr> 
      <tr> 
       <td colspan="2" width="250"> <span style="width:250px;font-size:10pt;">- 감사의견</span> </td> 
       <td width="171"> <span class="xforms_input" style="width:171px;font-size:10pt;">적정</span> </td> 
       <td width="179"> <span class="xforms_input" style="width:179px;font-size:10pt;">적정</span> </td> 
      </tr> 
      <tr> 
       <td colspan="2" width="250"> <span style="width:250px;font-size:10pt;">ㆍ계속기업 존속불확실성 사유 해당여부</span> </td> 
       <td width="171"> <span class="xforms_input" style="width:171px;font-size:10pt;">미해당</span> </td> 
       <td width="179"> <span class="xforms_input" style="width:179px;font-size:10pt;">미해당</span> </td> 
      </tr> 
      <tr> 
       <td colspan="2" width="250"> <span style="width:250px;font-size:10pt;">- 감사의견과 관련 없는 계속기업 존속 불확실성 기재여부</span> </td> 
       <td width="171"> <span class="xforms_input" style="width:171px;font-size:10pt;">미기재</span> </td> 
       <td width="179"> <span class="xforms_input" style="width:179px;font-size:10pt;">미기재</span> </td> 
      </tr> 
      <tr> 
       <td colspan="2" width="250"> <span style="width:250px;font-size:10pt;">- 내부회계관리제도 감사(검토)의견 비적정 등 여부</span> </td> 
       <td width="171"> <span class="xforms_input" style="width:171px;font-size:10pt;">미해당</span> </td> 
       <td width="179"> <span class="xforms_input" style="width:179px;font-size:10pt;">미해당</span> </td> 
      </tr> 
      <tr> 
       <td colspan="4" width="600"> <span style="width:600px;font-size:10pt;">다. 재무내용(원)</span> </td> 
      </tr> 
      <tr> 
       <td colspan="2" width="250"> <span style="width:250px;font-size:10pt;">- 자산총계</span> </td> 
       <td width="171"> <span class="xforms_input" style="width:171px;font-size:10pt;text-align:right;">2,598,859,290,000</span> </td> 
       <td width="179"> <span class="xforms_input" style="width:179px;font-size:10pt;text-align:right;">2,408,631,121,000</span> </td> 
      </tr> 
      <tr> 
       <td colspan="2" width="250"> <span style="width:250px;font-size:10pt;">- 부채총계</span> </td> 
       <td width="171"> <span class="xforms_input" style="width:171px;font-size:10pt;text-align:right;">1,083,553,171,000</span> </td> 
       <td width="179"> <span class="xforms_input" style="width:179px;font-size:10pt;text-align:right;">987,330,400,000</span> </td> 
      </tr> 
      <tr> 
       <td colspan="2" width="250"> <span style="width:250px;font-size:10pt;">- 자본총계</span> </td> 
       <td width="171"> <span class="xforms_input" style="width:171px;font-size:10pt;text-align:right;">1,515,306,119,000</span> </td> 
       <td width="179"> <span class="xforms_input" style="width:179px;font-size:10pt;text-align:right;">1,421,300,721,000</span> </td> 
      </tr> 
      <tr> 
       <td colspan="2" width="250"> <span style="width:250px;font-size:10pt;">- 자본금</span> </td> 
       <td width="171"> <span class="xforms_input" style="width:171px;font-size:10pt;text-align:right;">13,711,991,000</span> </td> 
       <td width="179"> <span class="xforms_input" style="width:179px;font-size:10pt;text-align:right;">13,711,991,000</span> </td> 
      </tr> 
      <tr> 
       <td colspan="2" width="250"> <span style="width:250px;font-size:10pt;">※ 자본총계/자본금 비율(%)</span> </td> 
       <td width="171"> <span class="xforms_input" style="width:171px;font-size:10pt;text-align:right;">11,051.0</span> </td> 
       <td width="179"> <span class="xforms_input" style="width:179px;font-size:10pt;text-align:right;">10,365.4</span> </td> 
      </tr> 
      <tr> 
       <td colspan="4" width="600"> <span style="width:600px;font-size:10pt;">라. 손익내용(원)</span> </td> 
      </tr> 
      <tr> 
       <td colspan="2" width="250"> <span style="width:250px;font-size:10pt;">- 매출액</span> </td> 
       <td width="171"> <span class="xforms_input" style="width:171px;font-size:10pt;text-align:right;">2,458,959,381,000</span> </td> 
       <td width="179"> <span class="xforms_input" style="width:179px;font-size:10pt;text-align:right;">2,240,816,395,000</span> </td> 
      </tr> 
      <tr> 
       <td colspan="2" width="250"> <span style="width:250px;font-size:10pt;">- 영업이익</span> </td> 
       <td width="171"> <span class="xforms_input" style="width:171px;font-size:10pt;text-align:right;">159,303,857,000</span> </td> 
       <td width="179"> <span class="xforms_input" style="width:179px;font-size:10pt;text-align:right;">124,351,998,000</span> </td> 
      </tr> 
      <tr> 
       <td colspan="2" width="250"> <span style="width:250px;font-size:10pt;">- 법인세비용차감전계속사업이익</span> </td> 
       <td width="171"> <span class="xforms_input" style="width:171px;font-size:10pt;text-align:right;">173,833,857,000</span> </td> 
       <td width="179"> <span class="xforms_input" style="width:179px;font-size:10pt;text-align:right;">138,563,322,000</span> </td> 
      </tr> 
      <tr> 
       <td colspan="2" width="250"> <span style="width:250px;font-size:10pt;">- 당기순이익</span> </td> 
       <td width="171"> <span class="xforms_input" style="width:171px;font-size:10pt;text-align:right;">134,957,401,000</span> </td> 
       <td width="179"> <span class="xforms_input" style="width:179px;font-size:10pt;text-align:right;">106,628,632,000</span> </td> 
      </tr> 
      <tr> 
       <td colspan="2" width="250"> <span style="width:250px;font-size:10pt;">2. 회계감사인명</span> </td> 
       <td colspan="2" width="350"> <span class="xforms_input" style="width:350px;font-size:10pt;">삼일회계법인(Samil PricewaterhouseCoopers)</span> </td> 
      </tr> 
      <tr> 
       <td colspan="2" width="250"> <span style="width:250px;font-size:10pt;">3. 감사보고서 수령일자</span> </td> 
       <td colspan="2" width="350"> <span class="xforms_input" style="width:350px;font-size:10pt;">2024-03-15</span> </td> 
      </tr> 
      <tr> 
       <td colspan="2" width="250"> <span style="width:250px;font-size:10pt;">4. 연결재무제표 제출대상 해당여부</span> </td> 
       <td colspan="2" width="350"> <span class="xforms_input" style="width:350px;font-size:10pt;">해당</span> </td> 
      </tr> 
      <tr> 
       <td colspan="2" width="250"> <span style="width:250px;font-size:10pt;">5. 감사보고서상 횡령ㆍ배임사항 기재여부</span> </td> 
       <td colspan="2" width="350"> <span class="xforms_input" style="width:350px;font-size:10pt;">아니오</span> </td> 
      </tr> 
      <tr> 
       <td colspan="4" width="600"> <span style="width:600px;font-size:10pt;">6. 기타 투자판단과 관련한 중요사항</span> </td> 
      </tr> 
      <tr> 
       <td colspan="4" width="600"> <span class="xforms_input" style="width:600px;font-size:10pt;">1. 외부감사인이 감사종료 후 당해법인에 제출하는 감사보고서상의 재무제표는 당해법인 주주총회의 승인절차를 거쳐 확정된 재무제표가 아니므로 동 승인 과정에서 변동될 수 있습니다. <br xmlns:java="http://xml.apache.org/xalan/java">2. 상기 금액은 천원 이하 생략된 금액입니다.</span> </td> 
      </tr> 
      <tr> 
       <td colspan="2" width="250"> <span style="width:250px;font-size:10pt;">※ 관련공시</span> </td> 
       <td colspan="2" width="350"> <span class="xforms_input" style="width:350px;font-size:10pt;">-</span> </td> 
      </tr> 
     </tbody> 
    </table> 
    <span class="noprint" style="display:none;width:600px;font-size:10pt;"> </span> 
   </div> 
  </div>  
 </body>
</html>